{
  "%bench(0_to_1024_COLD_folly)": 110492.98095703125,
  "%bench(0_to_1024_HOT_folly)": 18844.54345703125,
  "%bench(0_to_128_COLD_folly)": 41236.87744140625,
  "%bench(0_to_128_HOT_folly)": 8098.7548828125,
  "%bench(0_to_16_COLD_folly)": 34718.81103515625,
  "%bench(0_to_16_HOT_folly)": 7546.142578125,
  "%bench(0_to_256_COLD_folly)": 52147.76611328125,
  "%bench(0_to_256_HOT_folly)": 8460.87646484375,
  "%bench(0_to_32768_COLD_folly)": 1198431.4575195312,
  "%bench(0_to_32768_HOT_folly)": 410552.55126953125,
  "%bench(0_to_32_COLD_folly)": 35195.12939453125,
  "%bench(0_to_32_HOT_folly)": 7376.708984375,
  "%bench(0_to_512_COLD_folly)": 71522.27783203125,
  "%bench(0_to_512_HOT_folly)": 15501.52587890625,
  "%bench(0_to_64_COLD_folly)": 38518.85986328125,
  "%bench(0_to_64_HOT_folly)": 9412.41455078125,
  "%bench(0_to_7_COLD_folly)": 31805.72509765625,
  "%bench(0_to_7_HOT_folly)": 6489.07470703125,
  "%bench(1024_to_8192_COLD_folly)": 411939.27001953125,
  "%bench(1024_to_8192_HOT_folly)": 61038.87939453125,
  "%bench(16_to_32_COLD_folly)": 41367.73681640625,
  "%bench(16_to_32_HOT_folly)": 3775.69580078125,
  "%bench(256_to_1024_COLD_folly)": 129435.36376953125,
  "%bench(256_to_1024_HOT_folly)": 21032.16552734375,
  "%bench(32_to_256_COLD_folly)": 55846.98486328125,
  "%bench(32_to_256_HOT_folly)": 8702.63671875,
  "%bench(8192_to_32768_COLD_folly)": 1468111.1450195312,
  "%bench(8192_to_32768_HOT_folly)": 483474.42626953125,
  "%bench(8_to_16_COLD_folly)": 36999.08447265625,
  "%bench(8_to_16_HOT_folly)": 3364.80712890625,
  "avx2_memops(aligned_reads)": 3615.478515625,
  "avx2_memops(aligned_reads_writes)": 8039.61181640625,
  "avx2_memops(aligned_reads_writes_stlf)": 2345.3216552734375,
  "avx2_memops(cache_unaligned_reads)": 6129.57763671875,
  "avx2_memops(cache_unaligned_reads_writes)": 10879.0283203125,
  "avx2_memops(cache_unaligned_reads_writes_stlf)": 2428.070068359375,
  "avx2_memops(page_unaligned_reads)": 5690.826416015625,
  "avx2_memops(page_unaligned_reads_writes)": 15837.95166015625,
  "avx2_memops(page_unaligned_reads_writes_stlf)": 8039.48974609375,
  "bench(0_to_1024_COLD_glibc)": 108995.91064453125,
  "bench(0_to_1024_HOT_glibc)": 16255.06591796875,
  "bench(0_to_128_COLD_glibc)": 41416.32080078125,
  "bench(0_to_128_HOT_glibc)": 9200.37841796875,
  "bench(0_to_16_COLD_glibc)": 36544.98291015625,
  "bench(0_to_16_HOT_glibc)": 9900.93994140625,
  "bench(0_to_256_COLD_glibc)": 50031.55517578125,
  "bench(0_to_256_HOT_glibc)": 9183.2275390625,
  "bench(0_to_32768_COLD_glibc)": 1178501.7700195312,
  "bench(0_to_32768_HOT_glibc)": 361564.27001953125,
  "bench(0_to_32_COLD_glibc)": 36469.05517578125,
  "bench(0_to_32_HOT_glibc)": 10408.50830078125,
  "bench(0_to_512_COLD_glibc)": 71392.88330078125,
  "bench(0_to_512_HOT_glibc)": 13002.99072265625,
  "bench(0_to_64_COLD_glibc)": 37699.52392578125,
  "bench(0_to_64_HOT_glibc)": 9734.92431640625,
  "bench(0_to_7_COLD_glibc)": 32590.14892578125,
  "bench(0_to_7_HOT_glibc)": 9454.04052734375,
  "bench(1024_to_8192_COLD_glibc)": 440056.45751953125,
  "bench(1024_to_8192_HOT_glibc)": 62985.16845703125,
  "bench(16_to_32_COLD_glibc)": 37387.26806640625,
  "bench(16_to_32_HOT_glibc)": 4157.989501953125,
  "bench(256_to_1024_COLD_glibc)": 136062.31689453125,
  "bench(256_to_1024_HOT_glibc)": 17949.76806640625,
  "bench(32_to_256_COLD_glibc)": 54922.18017578125,
  "bench(32_to_256_HOT_glibc)": 8384.46044921875,
  "bench(8192_to_32768_COLD_glibc)": 1489392.3950195312,
  "bench(8192_to_32768_HOT_glibc)": 485068.17626953125,
  "bench(8_to_16_COLD_glibc)": 37343.07861328125,
  "bench(8_to_16_HOT_glibc)": 4542.1142578125,
  "scalar_memops(aligned_reads)": 1004.0969848632812,
  "scalar_memops(aligned_reads_writes)": 6030.94482421875,
  "scalar_memops(aligned_reads_writes_stlf)": 3391.265869140625,
  "scalar_memops(cache_unaligned_reads)": 3347.35107421875,
  "scalar_memops(cache_unaligned_reads_writes)": 8706.84814453125,
  "scalar_memops(cache_unaligned_reads_writes_stlf)": 3391.510009765625,
  "scalar_memops(page_unaligned_reads)": 3347.2900390625,
  "scalar_memops(page_unaligned_reads_writes)": 13063.29345703125,
  "scalar_memops(page_unaligned_reads_writes_stlf)": 14022.03369140625
}
