{
  "RapidHash: k=1": 2844.4480895996094,
  "RapidHash: k=10": 2351.6502380371094,
  "RapidHash: k=11": 2352.947235107422,
  "RapidHash: k=12": 2546.306610107422,
  "RapidHash: k=13": 2652.507781982422,
  "RapidHash: k=14": 2651.744842529297,
  "RapidHash: k=15": 2651.927947998047,
  "RapidHash: k=2": 2844.2955017089844,
  "RapidHash: k=2^0": 2844.6922302246094,
  "RapidHash: k=2^1": 2844.6006774902344,
  "RapidHash: k=2^10": 55115.047454833984,
  "RapidHash: k=2^11": 107171.68807983398,
  "RapidHash: k=2^12": 212534.96932983398,
  "RapidHash: k=2^13": 427056.453704834,
  "RapidHash: k=2^14": 843408.016204834,
  "RapidHash: k=2^15": 1690150.203704834,
  "RapidHash: k=2^16": 3361197.078704834,
  "RapidHash: k=2^17": 6726165.828704834,
  "RapidHash: k=2^18": 13453040.828704834,
  "RapidHash: k=2^19": 26975915.828704834,
  "RapidHash: k=2^2": 2383.312225341797,
  "RapidHash: k=2^20": 55188165.828704834,
  "RapidHash: k=2^3": 2350.597381591797,
  "RapidHash: k=2^4": 2354.930877685547,
  "RapidHash: k=2^5": 4219.326019287109,
  "RapidHash: k=2^6": 6166.744232177734,
  "RapidHash: k=2^7": 9162.899017333984,
  "RapidHash: k=2^8": 16141.658782958984,
  "RapidHash: k=2^9": 29828.426361083984,
  "RapidHash: k=3": 2843.9598083496094,
  "RapidHash: k=4": 2401.4244079589844,
  "RapidHash: k=5": 2386.852264404297,
  "RapidHash: k=6": 2405.193328857422,
  "RapidHash: k=7": 2408.7791442871094,
  "RapidHash: k=8": 2351.0093688964844,
  "RapidHash: k=9": 2351.6502380371094,
  "RapidHashMicro: k=1": 3007.9612731933594,
  "RapidHashMicro: k=10": 2009.5481872558594,
  "RapidHashMicro: k=11": 2009.7923278808594,
  "RapidHashMicro: k=12": 2178.2188415527344,
  "RapidHashMicro: k=13": 2271.068572998047,
  "RapidHashMicro: k=14": 2012.1421813964844,
  "RapidHashMicro: k=15": 2178.4019470214844,
  "RapidHashMicro: k=2": 3007.9307556152344,
  "RapidHashMicro: k=2^0": 3007.9612731933594,
  "RapidHashMicro: k=2^1": 3007.9612731933594,
  "RapidHashMicro: k=2^10": 48910.457611083984,
  "RapidHashMicro: k=2^11": 91019.83261108398,
  "RapidHashMicro: k=2^12": 176111.14120483398,
  "RapidHashMicro: k=2^13": 357978.328704834,
  "RapidHashMicro: k=2^14": 708318.172454834,
  "RapidHashMicro: k=2^15": 1414986.141204834,
  "RapidHashMicro: k=2^16": 3124822.078704834,
  "RapidHashMicro: k=2^17": 6311915.828704834,
  "RapidHashMicro: k=2^18": 12747290.828704834,
  "RapidHashMicro: k=2^19": 27130165.828704834,
  "RapidHashMicro: k=2^2": 2339.3821716308594,
  "RapidHashMicro: k=2^20": 55296165.828704834,
  "RapidHashMicro: k=2^3": 2009.0446472167969,
  "RapidHashMicro: k=2^4": 2010.2195739746094,
  "RapidHashMicro: k=2^5": 3007.9917907714844,
  "RapidHashMicro: k=2^6": 4348.506927490234,
  "RapidHashMicro: k=2^7": 8048.336029052734,
  "RapidHashMicro: k=2^8": 12949.886322021484,
  "RapidHashMicro: k=2^9": 24379.695892333984,
  "RapidHashMicro: k=3": 3007.9612731933594,
  "RapidHashMicro: k=4": 2339.3516540527344,
  "RapidHashMicro: k=5": 2339.3516540527344,
  "RapidHashMicro: k=6": 2339.3821716308594,
  "RapidHashMicro: k=7": 2339.427947998047,
  "RapidHashMicro: k=8": 2008.8310241699219,
  "RapidHashMicro: k=9": 2009.3803405761719,
  "RapidHashNano: k=1": 2888.7290954589844,
  "RapidHashNano: k=10": 1706.7832946777344,
  "RapidHashNano: k=11": 1708.2328796386719,
  "RapidHashNano: k=12": 1710.8268737792969,
  "RapidHashNano: k=13": 1714.4737243652344,
  "RapidHashNano: k=14": 1716.8083190917969,
  "RapidHashNano: k=15": 1717.1592712402344,
  "RapidHashNano: k=2": 2888.6680603027344,
  "RapidHashNano: k=2^0": 2673.381805419922,
  "RapidHashNano: k=2^1": 2673.381805419922,
  "RapidHashNano: k=2^10": 50409.481048583984,
  "RapidHashNano: k=2^11": 99414.85214233398,
  "RapidHashNano: k=2^12": 203523.25057983398,
  "RapidHashNano: k=2^13": 401087.703704834,
  "RapidHashNano: k=2^14": 796392.391204834,
  "RapidHashNano: k=2^15": 1593040.828704834,
  "RapidHashNano: k=2^16": 3197165.828704834,
  "RapidHashNano: k=2^17": 6430290.828704834,
  "RapidHashNano: k=2^18": 12787165.828704834,
  "RapidHashNano: k=2^19": 25723665.828704834,
  "RapidHashNano: k=2^2": 2010.3569030761719,
  "RapidHashNano: k=2^20": 52976665.828704834,
  "RapidHashNano: k=2^3": 1701.9462585449219,
  "RapidHashNano: k=2^4": 1718.2884216308594,
  "RapidHashNano: k=2^5": 3007.9917907714844,
  "RapidHashNano: k=2^6": 4457.576751708984,
  "RapidHashNano: k=2^7": 7836.055755615234,
  "RapidHashNano: k=2^8": 13559.261322021484,
  "RapidHashNano: k=2^9": 26176.326751708984,
  "RapidHashNano: k=3": 2888.7290954589844,
  "RapidHashNano: k=4": 2178.936004638672,
  "RapidHashNano: k=5": 2009.8838806152344,
  "RapidHashNano: k=6": 2009.0904235839844,
  "RapidHashNano: k=7": 2010.1585388183594,
  "RapidHashNano: k=8": 1701.8699645996094,
  "RapidHashNano: k=9": 1703.8230895996094
}
