{
  "xoshiro256": 1148.7102508544922,
  "xoshiro256_64": 2130.399703979492
}
