{
  "crc32_1024": 56103.33061218262,
  "crc32_131072": 5492697.080612183,
  "crc32_16384": 698384.5806121826,
  "crc32_2048": 99008.60404968262,
  "crc32_262144": 10970353.330612183,
  "crc32_32768": 1385908.0181121826,
  "crc32_4096": 184042.78373718262,
  "crc32_512": 35174.37553405762,
  "crc32_524288": 21922165.830612183,
  "crc32_65536": 2754915.8306121826,
  "crc32_8192": 355804.5024871826,
  "crc32c_1024": 47241.51420593262,
  "crc32c_131072": 4645228.330612183,
  "crc32c_16384": 652396.2993621826,
  "crc32c_2048": 89780.57670593262,
  "crc32c_262144": 9139415.830612183,
  "crc32c_32768": 1191658.0181121826,
  "crc32c_4096": 180282.04154968262,
  "crc32c_512": 25957.578659057617,
  "crc32c_524288": 16893540.830612183,
  "crc32c_65536": 2403978.3306121826,
  "crc32c_8192": 379638.4868621826
}
