{
    "%Erase   f14val<NonSSOString, a[128]>[11264]": 136584915.10000002,
    "%Erase   f14val<NonSSOString, a[128]>[11]": 77947.90000000001,
    "%Erase   f14val<NonSSOString, a[128]>[352]": 2462796.1,
    "%Erase   f14val<NonSSOString, a[1]>[11264]": 132482844.69999999,
    "%Erase   f14val<NonSSOString, a[1]>[11]": 76790,
    "%Erase   f14val<NonSSOString, a[1]>[352]": 2463309.3,
    "%Erase   f14val<std::string, a[128]>[11264]": 187941597,
    "%Erase   f14val<std::string, a[128]>[11]": 171440.9,
    "%Erase   f14val<std::string, a[128]>[352]": 4362760,
    "%Erase   f14val<std::string, a[1]>[11264]": 175487500.70000002,
    "%Erase   f14val<std::string, a[1]>[11]": 169196.40000000002,
    "%Erase   f14val<std::string, a[1]>[352]": 4289680.6,
    "%Erase   f14val<uint64_t, a[128]>[11264]": 110500219.7,
    "%Erase   f14val<uint64_t, a[128]>[11]": 118693.4,
    "%Erase   f14val<uint64_t, a[128]>[352]": 2816867.8,
    "%Erase   f14val<uint64_t, a[1]>[11264]": 96519894.5,
    "%Erase   f14val<uint64_t, a[1]>[11]": 116118.79999999999,
    "%Erase   f14val<uint64_t, a[1]>[352]": 2725797.3000000003,
    "%Erase   f14vec<NonSSOString, a[128]>[11264]": 132989583.00000001,
    "%Erase   f14vec<NonSSOString, a[128]>[11]": 75584.3,
    "%Erase   f14vec<NonSSOString, a[128]>[352]": 2385140.8000000003,
    "%Erase   f14vec<NonSSOString, a[1]>[11264]": 128585279.5,
    "%Erase   f14vec<NonSSOString, a[1]>[11]": 78504.8,
    "%Erase   f14vec<NonSSOString, a[1]>[352]": 2348716.6999999997,
    "%Erase   f14vec<std::string, a[128]>[11264]": 238067891.89999998,
    "%Erase   f14vec<std::string, a[128]>[11]": 204566.2,
    "%Erase   f14vec<std::string, a[128]>[352]": 5564697.4,
    "%Erase   f14vec<std::string, a[1]>[11264]": 195706923.60000002,
    "%Erase   f14vec<std::string, a[1]>[11]": 192333.30000000002,
    "%Erase   f14vec<std::string, a[1]>[352]": 5045362.3,
    "%Erase   f14vec<uint64_t, a[128]>[11264]": 132583119.3,
    "%Erase   f14vec<uint64_t, a[128]>[11]": 125154.3,
    "%Erase   f14vec<uint64_t, a[128]>[352]": 3654714.1,
    "%Erase   f14vec<uint64_t, a[1]>[11264]": 113515762.4,
    "%Erase   f14vec<uint64_t, a[1]>[11]": 125634.3,
    "%Erase   f14vec<uint64_t, a[1]>[352]": 3254639.3,
    "%Insert   f14val<NonSSOString, a[128]>[11264]": 1091856997.9,
    "%Insert   f14val<NonSSOString, a[128]>[11]": 650197.8,
    "%Insert   f14val<NonSSOString, a[128]>[352]": 24634700,
    "%Insert   f14val<NonSSOString, a[1]>[11264]": 844967418.9000001,
    "%Insert   f14val<NonSSOString, a[1]>[11]": 465156.5,
    "%Insert   f14val<NonSSOString, a[1]>[352]": 21048876,
    "%Insert   f14val<std::string, a[128]>[11264]": 740194295.5,
    "%Insert   f14val<std::string, a[128]>[11]": 405743.2,
    "%Insert   f14val<std::string, a[128]>[352]": 14306846.2,
    "%Insert   f14val<std::string, a[1]>[11264]": 468774328.7,
    "%Insert   f14val<std::string, a[1]>[11]": 329734.89999999997,
    "%Insert   f14val<std::string, a[1]>[352]": 11571656.6,
    "%Insert   f14val<uint64_t, a[128]>[11264]": 500462353.8,
    "%Insert   f14val<uint64_t, a[128]>[11]": 309412.69999999995,
    "%Insert   f14val<uint64_t, a[128]>[352]": 11288268,
    "%Insert   f14val<uint64_t, a[1]>[11264]": 183159038,
    "%Insert   f14val<uint64_t, a[1]>[11]": 141645.3,
    "%Insert   f14val<uint64_t, a[1]>[352]": 5136728.9,
    "%Insert   f14vec<NonSSOString, a[128]>[11264]": 821113682.5999999,
    "%Insert   f14vec<NonSSOString, a[128]>[11]": 631668.4,
    "%Insert   f14vec<NonSSOString, a[128]>[352]": 23742343.6,
    "%Insert   f14vec<NonSSOString, a[1]>[11264]": 709711123.9,
    "%Insert   f14vec<NonSSOString, a[1]>[11]": 461220.6,
    "%Insert   f14vec<NonSSOString, a[1]>[352]": 19978411.2,
    "%Insert   f14vec<std::string, a[128]>[11264]": 524236357.4,
    "%Insert   f14vec<std::string, a[128]>[11]": 413266,
    "%Insert   f14vec<std::string, a[128]>[352]": 14498860,
    "%Insert   f14vec<std::string, a[1]>[11264]": 409858630.7,
    "%Insert   f14vec<std::string, a[1]>[11]": 310022.60000000003,
    "%Insert   f14vec<std::string, a[1]>[352]": 11009626.3,
    "%Insert   f14vec<uint64_t, a[128]>[11264]": 370520091.5,
    "%Insert   f14vec<uint64_t, a[128]>[11]": 295153.6,
    "%Insert   f14vec<uint64_t, a[128]>[352]": 10533260.8,
    "%Insert   f14vec<uint64_t, a[1]>[11264]": 176252828.6,
    "%Insert   f14vec<uint64_t, a[1]>[11]": 141095.8,
    "%Insert   f14vec<uint64_t, a[1]>[352]": 4923866,
    "%InsertGrow   f14val<NonSSOString, a[128]>[11264]": 1511739394.8999999,
    "%InsertGrow   f14val<NonSSOString, a[128]>[11]": 863751.6000000001,
    "%InsertGrow   f14val<NonSSOString, a[128]>[352]": 36182903.8,
    "%InsertGrow   f14val<NonSSOString, a[1]>[11264]": 1087081153.3,
    "%InsertGrow   f14val<NonSSOString, a[1]>[11]": 575271.4,
    "%InsertGrow   f14val<NonSSOString, a[1]>[352]": 28258193.7,
    "%InsertGrow   f14val<std::string, a[128]>[11264]": 1062441814.8000001,
    "%InsertGrow   f14val<std::string, a[128]>[11]": 545385.3,
    "%InsertGrow   f14val<std::string, a[128]>[352]": 26118667.5,
    "%InsertGrow   f14val<std::string, a[1]>[11264]": 663958463.3,
    "%InsertGrow   f14val<std::string, a[1]>[11]": 414892,
    "%InsertGrow   f14val<std::string, a[1]>[352]": 16607676.299999999,
    "%InsertGrow   f14val<uint64_t, a[128]>[11264]": 713597589.7,
    "%InsertGrow   f14val<uint64_t, a[128]>[11]": 446724,
    "%InsertGrow   f14val<uint64_t, a[128]>[352]": 15755627,
    "%InsertGrow   f14val<uint64_t, a[1]>[11264]": 285302897.6,
    "%InsertGrow   f14val<uint64_t, a[1]>[11]": 218953.30000000002,
    "%InsertGrow   f14val<uint64_t, a[1]>[352]": 7412474.199999999,
    "%InsertGrow   f14vec<NonSSOString, a[128]>[11264]": 1808704459.4,
    "%InsertGrow   f14vec<NonSSOString, a[128]>[11]": 903735.3,
    "%InsertGrow   f14vec<NonSSOString, a[128]>[352]": 49727523.2,
    "%InsertGrow   f14vec<NonSSOString, a[1]>[11264]": 1333694653.5,
    "%InsertGrow   f14vec<NonSSOString, a[1]>[11]": 563837.9,
    "%InsertGrow   f14vec<NonSSOString, a[1]>[352]": 32921938.099999998,
    "%InsertGrow   f14vec<std::string, a[128]>[11264]": 1235901103.2,
    "%InsertGrow   f14vec<std::string, a[128]>[11]": 574144.5,
    "%InsertGrow   f14vec<std::string, a[128]>[352]": 39614106.5,
    "%InsertGrow   f14vec<std::string, a[1]>[11264]": 803237154.9,
    "%InsertGrow   f14vec<std::string, a[1]>[11]": 414099.4,
    "%InsertGrow   f14vec<std::string, a[1]>[352]": 22114342.6,
    "%InsertGrow   f14vec<uint64_t, a[128]>[11264]": 815511888.5999999,
    "%InsertGrow   f14vec<uint64_t, a[128]>[11]": 441244.3,
    "%InsertGrow   f14vec<uint64_t, a[128]>[352]": 22201761.299999997,
    "%InsertGrow   f14vec<uint64_t, a[1]>[11264]": 354423709.8,
    "%InsertGrow   f14vec<uint64_t, a[1]>[11]": 229711.5,
    "%InsertGrow   f14vec<uint64_t, a[1]>[352]": 9531804.6,
    "%InsertSqBr   f14val<NonSSOString, a[128]>[11264]": 1432924275.3000002,
    "%InsertSqBr   f14val<NonSSOString, a[128]>[11]": 932672.8,
    "%InsertSqBr   f14val<NonSSOString, a[128]>[352]": 35823659.6,
    "%InsertSqBr   f14val<NonSSOString, a[1]>[11264]": 915454684.3,
    "%InsertSqBr   f14val<NonSSOString, a[1]>[11]": 492855,
    "%InsertSqBr   f14val<NonSSOString, a[1]>[352]": 24429482.2,
    "%InsertSqBr   f14val<std::string, a[128]>[11264]": 996479461.2,
    "%InsertSqBr   f14val<std::string, a[128]>[11]": 633867.2000000001,
    "%InsertSqBr   f14val<std::string, a[128]>[352]": 26264121.299999997,
    "%InsertSqBr   f14val<std::string, a[1]>[11264]": 498526695.9,
    "%InsertSqBr   f14val<std::string, a[1]>[11]": 338550.9,
    "%InsertSqBr   f14val<std::string, a[1]>[352]": 13763615.799999999,
    "%InsertSqBr   f14val<uint64_t, a[128]>[11264]": 804129922.4000001,
    "%InsertSqBr   f14val<uint64_t, a[128]>[11]": 506810.8,
    "%InsertSqBr   f14val<uint64_t, a[128]>[352]": 18049233.1,
    "%InsertSqBr   f14val<uint64_t, a[1]>[11264]": 289069364.9,
    "%InsertSqBr   f14val<uint64_t, a[1]>[11]": 213928.69999999998,