{
  "bench_read(exponential_1b)": 2882.373809814453,
  "bench_read(exponential_2b)": 4997.882843017578,
  "bench_read(exponential_3b)": 6671.131134033203,
  "bench_read(u16_1b)": 1370.5482482910156,
  "bench_read(u16_2b)": 2368.122100830078,
  "bench_read(u16_3b)": 3619.495391845703,
  "bench_read(u16_any)": 5043.109893798828,
  "bench_read(u32_1b)": 1685.8711242675781,
  "bench_read(u32_2b)": 1933.3076477050781,
  "bench_read(u32_3b)": 2689.9757385253906,
  "bench_read(u32_4b)": 3195.972442626953,
  "bench_read(u32_5b)": 3859.363555908203,
  "bench_read(u32_any)": 4346.302032470703,
  "bench_read(u64_10b)": 6619.190216064453,
  "bench_read(u64_1b)": 1684.2231750488281,
  "bench_read(u64_2b)": 2709.430694580078,
  "bench_read(u64_3b)": 6671.680450439453,
  "bench_read(u64_4b)": 6691.761016845703,
  "bench_read(u64_5b)": 6652.149200439453,
  "bench_read(u64_6b)": 6648.670196533203,
  "bench_read(u64_7b)": 6655.139923095703,
  "bench_read(u64_8b)": 6687.915802001953,
  "bench_read(u64_9b)": 6752.735137939453,
  "bench_read(u64_any)": 6628.711700439453,
  "bench_read(u8_1b)": 1878.2539367675781,
  "bench_read(u8_2b)": 2092.700958251953,
  "bench_read(u8_any)": 2318.1190490722656,
  "bench_write(exponential_1b_unrolled)": 3914572.0710754395,
  "bench_write(exponential_2b_unrolled)": 7063103.321075439,
  "bench_write(exponential_3b_unrolled)": 7431165.821075439,
  "bench_write(u16_1b_unrolled)": 2548790.8210754395,
  "bench_write(u16_2b_unrolled)": 3508322.0710754395,
  "bench_write(u16_3b_unrolled)": 4048322.0710754395,
  "bench_write(u16_any_unrolled)": 6087290.821075439,
  "bench_write(u32_1b_unrolled)": 2544618.9460754395,
  "bench_write(u32_2b_unrolled)": 3509853.3210754395,
  "bench_write(u32_3b_unrolled)": 4024478.3210754395,
  "bench_write(u32_4b_unrolled)": 4737790.821075439,
  "bench_write(u32_5b_unrolled)": 5394915.821075439,
  "bench_write(u32_any_unrolled)": 5825478.321075439,
  "bench_write(u64_10b_unrolled)": 8229853.321075439,
  "bench_write(u64_1b_unrolled)": 3048415.8210754395,
  "bench_write(u64_2b_unrolled)": 3901509.5710754395,
  "bench_write(u64_3b_unrolled)": 4031040.8210754395,
  "bench_write(u64_4b_unrolled)": 4699134.571075439,
  "bench_write(u64_5b_unrolled)": 5355447.071075439,
  "bench_write(u64_6b_unrolled)": 5861978.321075439,
  "bench_write(u64_7b_unrolled)": 6420790.821075439,
  "bench_write(u64_8b_unrolled)": 7050728.321075439,
  "bench_write(u64_9b_unrolled)": 7722478.321075439,
  "bench_write(u64_any_unrolled)": 11115103.32107544,
  "bench_write(u8_1b_unrolled)": 1671884.5710754395,
  "bench_write(u8_2b_unrolled)": 2424634.5710754395,
  "bench_write(u8_any_unrolled)": 1904181.4460754395
}
