{
  "folly::__folly_memset: size=1": 2983.6368560791016,
  "folly::__folly_memset: size=1024": 10669.122695922852,
  "folly::__folly_memset: size=128": 3317.7738189697266,
  "folly::__folly_memset: size=16": 2983.6368560791016,
  "folly::__folly_memset: size=16384": 96549.6768951416,
  "folly::__folly_memset: size=2": 2983.6368560791016,
  "folly::__folly_memset: size=2048": 21362.1768951416,
  "folly::__folly_memset: size=256": 3317.8043365478516,
  "folly::__folly_memset: size=32": 2649.3778228759766,
  "folly::__folly_memset: size=32768": 183842.1573638916,
  "folly::__folly_memset: size=4": 2983.6368560791016,
  "folly::__folly_memset: size=4096": 32224.7257232666,
  "folly::__folly_memset: size=512": 5322.595596313477,
  "folly::__folly_memset: size=64": 2864.4962310791016,
  "folly::__folly_memset: size=8": 2983.6368560791016,
  "folly::__folly_memset: size=8192": 53449.5792388916,
  "memset: size=1": 1981.088638305664,
  "memset: size=1024": 10669.061660766602,
  "memset: size=128": 2315.2103424072266,
  "memset: size=16": 1981.1038970947266,
  "memset: size=16384": 96048.7003326416,
  "memset: size=2": 1981.1038970947266,
  "memset: size=2048": 21362.0548248291,
  "memset: size=256": 2649.332046508789,
  "memset: size=32": 1647.0584869384766,
  "memset: size=32768": 187151.7276763916,
  "memset: size=4": 1981.088638305664,
  "memset: size=4096": 31891.2296295166,
  "memset: size=512": 5322.534561157227,
  "memset: size=64": 1647.0584869384766,
  "memset: size=8": 1981.088638305664,
  "memset: size=8192": 53281.6104888916
}
