{
  "BinaryProtocol_read_BigBinary": 56906.05926513672,
  "BinaryProtocol_read_BigInt": 7698.112487792969,
  "BinaryProtocol_read_BigListBigInt": 16667415.824890137,
  "BinaryProtocol_read_BigListByte": 15173540.824890137,
  "BinaryProtocol_read_BigListDouble": 16655665.824890137,
  "BinaryProtocol_read_BigListFloat": 15808540.824890137,
  "BinaryProtocol_read_BigListInt": 15802915.824890137,
  "BinaryProtocol_read_BigListMixed": 548412665.8248901,
  "BinaryProtocol_read_BigListMixedInt": 299746665.82489014,
  "BinaryProtocol_read_BigListShort": 16088915.824890137,
  "BinaryProtocol_read_BigString": 132515.43426513672,
  "BinaryProtocol_read_ComplexStruct": 158305747665.8249,
  "BinaryProtocol_read_ComplexUnion": 44468.80340576172,
  "BinaryProtocol_read_Empty": 5346.519470214844,
  "BinaryProtocol_read_LargeBinary": 57589.16473388672,
  "BinaryProtocol_read_LargeListMixed": 78028151665.82489,
  "BinaryProtocol_read_LargeMapInt": 72764585665.82489,
  "BinaryProtocol_read_LargeMapMixed": 217672391665.8249,
  "BinaryProtocol_read_LargeMixed": 690736.1373901367,
  "BinaryProtocol_read_LargeMixedSparse": 125608.20770263672,
  "BinaryProtocol_read_LargeSetInt": 73599164665.82489,
  "BinaryProtocol_read_LargeSortedVecMapMixed": 82147116665.82489,
  "BinaryProtocol_read_LargeUnorderedMapMixed": 152628323665.8249,
  "BinaryProtocol_read_Mixed": 35878.71551513672,
  "BinaryProtocol_read_MixedInt": 31668.75457763672,
  "BinaryProtocol_read_MixedUnion": 9771.293640136719,
  "BinaryProtocol_read_NestedMap": 5831376665.82489,
  "BinaryProtocol_read_SmallInt": 11472.770690917969,
  "BinaryProtocol_read_SmallListInt": 44844.29168701172,
  "BinaryProtocol_read_SmallString": 15045.219421386719,
  "BinaryProtocol_read_SortedVecNestedMap": 5948490665.82489,
  "BinaryProtocol_read_SortedVecSetInt": 2249316665.82489,
  "BinaryProtocol_read_UnorderedMapInt": 67004604665.82489,
  "BinaryProtocol_read_UnorderedSetInt": 193589479665.8249,
  "BinaryProtocol_write_BigBinary": 128178.52020263672,
  "BinaryProtocol_write_BigInt": 16951.22528076172,
  "BinaryProtocol_write_BigListBigInt": 19617415.824890137,
  "BinaryProtocol_write_BigListByte": 17867165.824890137,
  "BinaryProtocol_write_BigListDouble": 19907540.824890137,
  "BinaryProtocol_write_BigListFloat": 18628290.824890137,
  "BinaryProtocol_write_BigListInt": 18628540.824890137,
  "BinaryProtocol_write_BigListMixed": 326388665.82489014,
  "BinaryProtocol_write_BigListMixedInt": 899544665.8248901,
  "BinaryProtocol_write_BigListShort": 18161415.824890137,
  "BinaryProtocol_write_BigString": 290857.2311401367,
  "BinaryProtocol_write_ComplexStruct": 59723350665.82489,
  "BinaryProtocol_write_ComplexUnion": 51151.66473388672,
  "BinaryProtocol_write_Empty": 11580.802917480469,
  "BinaryProtocol_write_LargeBinary": 127626.76239013672,
  "BinaryProtocol_write_LargeListMixed": 36446946665.82489,
  "BinaryProtocol_write_LargeMapInt": 21581781665.82489,
  "BinaryProtocol_write_LargeMapMixed": 68231619665.82489,
  "BinaryProtocol_write_LargeMixed": 729689.2623901367,
  "BinaryProtocol_write_LargeMixedSparse": 93472.95379638672,
  "BinaryProtocol_write_LargeSetInt": 80696377665.82489,
  "BinaryProtocol_write_LargeSortedVecMapMixed": 37653126665.82489,
  "BinaryProtocol_write_LargeUnorderedMapMixed": 40229698665.82489,
  "BinaryProtocol_write_Mixed": 36775.44403076172,
  "BinaryProtocol_write_MixedInt": 91380.18035888672,
  "BinaryProtocol_write_MixedUnion": 16752.37274169922,
  "BinaryProtocol_write_NestedMap": 785121665.8248901,
  "BinaryProtocol_write_SmallInt": 16039.115905761719,
  "BinaryProtocol_write_SmallListInt": 35629.93621826172,
  "BinaryProtocol_write_SmallString": 23158.25653076172,
  "BinaryProtocol_write_SortedVecNestedMap": 784632665.8248901,
  "BinaryProtocol_write_SortedVecSetInt": 2151009665.82489,
  "BinaryProtocol_write_UnorderedMapInt": 5304782665.82489,
  "BinaryProtocol_write_UnorderedSetInt": 38555933665.82489,
  "CompactProtocol_read_BigBinary": 59818.65692138672,
  "CompactProtocol_read_BigInt": 11226.493835449219,
  "CompactProtocol_read_BigListBigInt": 74775665.82489014,
  "CompactProtocol_read_BigListByte": 15224790.824890137,
  "CompactProtocol_read_BigListDouble": 16664665.824890137,
  "CompactProtocol_read_BigListFloat": 16056915.824890137,
  "CompactProtocol_read_BigListInt": 56876165.82489014,
  "CompactProtocol_read_BigListMixed": 611511665.8248901,
  "CompactProtocol_read_BigListMixedInt": 749514665.8248901,
  "CompactProtocol_read_BigListShort": 58842165.82489014,
  "CompactProtocol_read_BigString": 188904.10614013672,
  "CompactProtocol_read_ComplexStruct": 182609865665.8249,
  "CompactProtocol_read_ComplexUnion": 56591.11785888672,
  "CompactProtocol_read_Empty": 6683.708190917969,
  "CompactProtocol_read_LargeBinary": 59873.83270263672,
  "CompactProtocol_read_LargeListMixed": 73116479665.82489,
  "CompactProtocol_read_LargeMapInt": 83186997665.82489,
  "CompactProtocol_read_LargeMapMixed": 220152084665.8249,
  "CompactProtocol_read_LargeMixed": 785783.0123901367,
  "CompactProtocol_read_LargeMixedSparse": 169281.05926513672,
  "CompactProtocol_read_LargeSetInt": 83361502665.82489,
  "CompactProtocol_read_LargeSortedVecMapMixed": 92367391665.82489,
  "CompactProtocol_read_LargeUnorderedMapMixed": 166334787665.8249,
  "CompactProtocol_read_Mixed": 43343.55926513672,
  "CompactProtocol_read_MixedInt": 79313.77410888672,
  "CompactProtocol_read_MixedUnion": 17482.23114013672,
  "CompactProtocol_read_NestedMap": 7139077665.82489,
  "CompactProtocol_read_SmallInt": 13700.370788574219,
  "CompactProtocol_read_SmallListInt": 76483.69598388672,
  "CompactProtocol_read_SmallString": 16053.886413574219,
  "CompactProtocol_read_SortedVecNestedMap": 7029441665.82489,
  "CompactProtocol_read_SortedVecSetInt": 5931760665.82489,
  "CompactProtocol_read_UnorderedMapInt": 75007588665.82489,
  "CompactProtocol_read_UnorderedSetInt": 207451159665.8249,
  "CompactProtocol_write_BigBinary": 134111.13739013672,
  "CompactProtocol_write_BigInt": 23946.70867919922,
  "CompactProtocol_write_BigListBigInt": 59999165.82489014,
  "CompactProtocol_write_BigListByte": 18140665.824890137,
  "CompactProtocol_write_BigListDouble": 19602790.824890137,
  "CompactProtocol_write_BigListFloat": 18758540.824890137,
  "CompactProtocol_write_BigListInt": 69347665.82489014,
  "CompactProtocol_write_BigListMixed": 306788665.82489014,
  "CompactProtocol_write_BigListMixedInt": 834312665.8248901,
  "CompactProtocol_write_BigListShort": 65964165.82489014,
  "CompactProtocol_write_BigString": 304833.7936401367,
  "CompactProtocol_write_ComplexStruct": 65805826665.82489,
  "CompactProtocol_write_ComplexUnion": 56013.96942138672,
  "CompactProtocol_write_Empty": 15709.526062011719,
  "CompactProtocol_write_LargeBinary": 136001.76239013672,
  "CompactProtocol_write_LargeListMixed": 34317845665.82489,
  "CompactProtocol_write_LargeMapInt": 30148598665.82489,
  "CompactProtocol_write_LargeMapMixed": 73047286665.82489,
  "CompactProtocol_write_LargeMixed": 828243.9498901367,
  "CompactProtocol_write_LargeMixedSparse": 136241.99676513672,
  "CompactProtocol_write_LargeSetInt": 92319229665.82489,
  "CompactProtocol_write_LargeSortedVecMapMixed": 38039094665.82489,
  "CompactProtocol_write_LargeUnorderedMapMixed": 40309875665.82489,
  "CompactProtocol_write_Mixed": 43261.77215576172,
  "CompactProtocol_write_MixedInt": 95369.43817138672,
  "CompactProtocol_write_MixedUnion": 25732.47528076172,
  "CompactProtocol_write_NestedMap": 1474575665.8248901,
  "CompactProtocol_write_SmallInt": 21064.26239013672,
  "CompactProtocol_write_SmallListInt": 76129.69207763672,
  "CompactProtocol_write_SmallString": 27642.63153076172,
  "CompactProtocol_write_SortedVecNestedMap": 1507945665.8248901,
  "CompactProtocol_write_SortedVecSetInt": 6962452665.82489,
  "CompactProtocol_write_UnorderedMapInt": 12092909665.82489,
  "CompactProtocol_write_UnorderedSetInt": 41347053665.82489
}
